ts_code,day_group,group_value,year_element,n_cell,marginal_mean,marginal_mean_all,marginal_effect_vs_all,jiazi_idx,hac_maxlags,formula
spx,ganzhi_day,丁丑,木,16,0.001227880997069543,0.0005030967046652797,0.0007247842924042634,13,5,ret_1d ~ C(ganzhi_day) * C(year_element) + C(weekday) + C(month)
spx,ganzhi_day,丁丑,火,9,-0.0015928248330889033,0.0005030967046652797,-0.002095921537754183,13,5,ret_1d ~ C(ganzhi_day) * C(year_element) + C(weekday) + C(month)
spx,ganzhi_day,丁丑,土,11,0.006327601185196317,0.0005030967046652797,0.005824504480531037,13,5,ret_1d ~ C(ganzhi_day) * C(year_element) + C(weekday) + C(month)
spx,ganzhi_day,丁丑,金,16,0.003539988512185354,0.0005030967046652797,0.003036891807520074,13,5,ret_1d ~ C(ganzhi_day) * C(year_element) + C(weekday) + C(month)
spx,ganzhi_day,丁丑,水,16,-0.0008047126439178188,0.0005030967046652797,-0.0013078093485830984,13,5,ret_1d ~ C(ganzhi_day) * C(year_element) + C(weekday) + C(month)
spx,ganzhi_day,丁亥,木,18,0.0039629708690394035,0.0005030967046652797,0.0034598741643741236,23,5,ret_1d ~ C(ganzhi_day) * C(year_element) + C(weekday) + C(month)
spx,ganzhi_day,丁亥,火,8,0.0013640277336568764,0.0005030967046652797,0.0008609310289915968,23,5,ret_1d ~ C(ganzhi_day) * C(year_element) + C(weekday) + C(month)
spx,ganzhi_day,丁亥,土,8,-0.0016131144170982569,0.0005030967046652797,-0.0021162111217635365,23,5,ret_1d ~ C(ganzhi_day) * C(year_element) + C(weekday) + C(month)
spx,ganzhi_day,丁亥,金,18,0.0029499139383867123,0.0005030967046652797,0.0024468172337214324,23,5,ret_1d ~ C(ganzhi_day) * C(year_element) + C(weekday) + C(month)
spx,ganzhi_day,丁亥,水,14,0.002637808233916999,0.0005030967046652797,0.002134711529251719,23,5,ret_1d ~ C(ganzhi_day) * C(year_element) + C(weekday) + C(month)
spx,ganzhi_day,丁卯,木,17,0.0005164699722247097,0.0005030967046652797,1.3373267559430024e-05,3,5,ret_1d ~ C(ganzhi_day) * C(year_element) + C(weekday) + C(month)
spx,ganzhi_day,丁卯,火,8,-0.00019723909133080003,0.0005030967046652797,-0.0007003357959960797,3,5,ret_1d ~ C(ganzhi_day) * C(year_element) + C(weekday) + C(month)
spx,ganzhi_day,丁卯,土,9,0.003197763701711139,0.0005030967046652797,0.002694666997045859,3,5,ret_1d ~ C(ganzhi_day) * C(year_element) + C(weekday) + C(month)
spx,ganzhi_day,丁卯,金,18,-0.003104181378725241,0.0005030967046652797,-0.0036072780833905204,3,5,ret_1d ~ C(ganzhi_day) * C(year_element) + C(weekday) + C(month)
spx,ganzhi_day,丁卯,水,15,0.002091621894295434,0.0005030967046652797,0.0015885251896301542,3,5,ret_1d ~ C(ganzhi_day) * C(year_element) + C(weekday) + C(month)
spx,ganzhi_day,丁巳,木,14,0.0009354084737857949,0.0005030967046652797,0.0004323117691205152,53,5,ret_1d ~ C(ganzhi_day) * C(year_element) + C(weekday) + C(month)
spx,ganzhi_day,丁巳,火,10,-0.004755228750812216,0.0005030967046652797,-0.0052583254554774955,53,5,ret_1d ~ C(ganzhi_day) * C(year_element) + C(weekday) + C(month)
spx,ganzhi_day,丁巳,土,10,0.0042101451744887405,0.0005030967046652797,0.0037070484698234606,53,5,ret_1d ~ C(ganzhi_day) * C(year_element) + C(weekday) + C(month)
spx,ganzhi_day,丁巳,金,17,0.0010270208651590514,0.0005030967046652797,0.0005239241604937717,53,5,ret_1d ~ C(ganzhi_day) * C(year_element) + C(weekday) + C(month)
spx,ganzhi_day,丁巳,水,16,-0.003269312851967298,0.0005030967046652797,-0.0037724095566325777,53,5,ret_1d ~ C(ganzhi_day) * C(year_element) + C(weekday) + C(month)
spx,ganzhi_day,丁未,木,19,-0.0007787340918142626,0.0005030967046652797,-0.0012818307964795423,43,5,ret_1d ~ C(ganzhi_day) * C(year_element) + C(weekday) + C(month)
spx,ganzhi_day,丁未,火,7,0.0038438241817332535,0.0005030967046652797,0.0033407274770679736,43,5,ret_1d ~ C(ganzhi_day) * C(year_element) + C(weekday) + C(month)
spx,ganzhi_day,丁未,土,8,0.0028643243695503336,0.0005030967046652797,0.0023612276648850537,43,5,ret_1d ~ C(ganzhi_day) * C(year_element) + C(weekday) + C(month)
spx,ganzhi_day,丁未,金,14,-0.0015556631702088046,0.0005030967046652797,-0.002058759874874084,43,5,ret_1d ~ C(ganzhi_day) * C(year_element) + C(weekday) + C(month)
spx,ganzhi_day,丁未,水,18,7.090699828404766e-05,0.0005030967046652797,-0.00043218970638123197,43,5,ret_1d ~ C(ganzhi_day) * C(year_element) + C(weekday) + C(month)
spx,ganzhi_day,丁酉,木,17,-0.0002961775550471113,0.0005030967046652797,-0.0007992742597123909,33,5,ret_1d ~ C(ganzhi_day) * C(year_element) + C(weekday) + C(month)
spx,ganzhi_day,丁酉,火,9,0.004051225445645354,0.0005030967046652797,0.0035481287409800744,33,5,ret_1d ~ C(ganzhi_day) * C(year_element) + C(weekday) + C(month)
spx,ganzhi_day,丁酉,土,7,0.005901943745256965,0.0005030967046652797,0.005398847040591685,33,5,ret_1d ~ C(ganzhi_day) * C(year_element) + C(weekday) + C(month)
spx,ganzhi_day,丁酉,金,17,-0.005342359172341564,0.0005030967046652797,-0.005845455877006844,33,5,ret_1d ~ C(ganzhi_day) * C(year_element) + C(weekday) + C(month)
spx,ganzhi_day,丁酉,水,17,-0.002289920385572346,0.0005030967046652797,-0.0027930170902376256,33,5,ret_1d ~ C(ganzhi_day) * C(year_element) + C(weekday) + C(month)
spx,ganzhi_day,丙午,木,17,-0.0016515439538957648,0.0005030967046652797,-0.0021546406585610444,42,5,ret_1d ~ C(ganzhi_day) * C(year_element) + C(weekday) + C(month)
spx,ganzhi_day,丙午,火,7,0.0032975627245746524,0.0005030967046652797,0.0027944660199093726,42,5,ret_1d ~ C(ganzhi_day) * C(year_element) + C(weekday) + C(month)
spx,ganzhi_day,丙午,土,9,0.0005055554551636572,0.0005030967046652797,2.458750498377524e-06,42,5,ret_1d ~ C(ganzhi_day) * C(year_element) + C(weekday) + C(month)
spx,ganzhi_day,丙午,金,17,0.001549207837594306,0.0005030967046652797,0.0010461111329290263,42,5,ret_1d ~ C(ganzhi_day) * C(year_element) + C(weekday) + C(month)
spx,ganzhi_day,丙午,水,17,-0.0007966789116622705,0.0005030967046652797,-0.0012997756163275502,42,5,ret_1d ~ C(ganzhi_day) * C(year_element) + C(weekday) + C(month)
spx,ganzhi_day,丙子,木,17,-0.0015294964997368357,0.0005030967046652797,-0.002032593204402115,12,5,ret_1d ~ C(ganzhi_day) * C(year_element) + C(weekday) + C(month)
spx,ganzhi_day,丙子,火,9,0.0013493109312771386,0.0005030967046652797,0.0008462142266118589,12,5,ret_1d ~ C(ganzhi_day) * C(year_element) + C(weekday) + C(month)
spx,ganzhi_day,丙子,土,10,-0.0023324160415697254,0.0005030967046652797,-0.0028355127462350053,12,5,ret_1d ~ C(ganzhi_day) * C(year_element) + C(weekday) + C(month)
spx,ganzhi_day,丙子,金,15,-0.001561975574632794,0.0005030967046652797,-0.0020650722792980736,12,5,ret_1d ~ C(ganzhi_day) * C(year_element) + C(weekday) + C(month)
spx,ganzhi_day,丙子,水,17,0.002799609124976958,0.0005030967046652797,0.0022965124203116784,12,5,ret_1d ~ C(ganzhi_day) * C(year_element) + C(weekday) + C(month)
spx,ganzhi_day,丙寅,木,18,0.0019052274427103684,0.0005030967046652797,0.0014021307380450887,2,5,ret_1d ~ C(ganzhi_day) * C(year_element) + C(weekday) + C(month)
spx,ganzhi_day,丙寅,火,9,-0.0028727344505836013,0.0005030967046652797,-0.0033758311552488807,2,5,ret_1d ~ C(ganzhi_day) * C(year_element) + C(weekday) + C(month)
spx,ganzhi_day,丙寅,土,9,0.0018626575957303338,0.0005030967046652797,0.001359560891065054,2,5,ret_1d ~ C(ganzhi_day) * C(year_element) + C(weekday) + C(month)
spx,ganzhi_day,丙寅,金,16,0.0053714608450934715,0.0005030967046652797,0.004868364140428192,2,5,ret_1d ~ C(ganzhi_day) * C(year_element) + C(weekday) + C(month)
spx,ganzhi_day,丙寅,水,16,-0.0011983387522897415,0.0005030967046652797,-0.0017014354569550212,2,5,ret_1d ~ C(ganzhi_day) * C(year_element) + C(weekday) + C(month)
spx,ganzhi_day,丙戌,木,16,5.084347698827879e-05,0.0005030967046652797,-0.00045225322767700085,22,5,ret_1d ~ C(ganzhi_day) * C(year_element) + C(weekday) + C(month)
spx,ganzhi_day,丙戌,火,7,-0.000513098102241141,0.0005030967046652797,-0.0010161948069064208,22,5,ret_1d ~ C(ganzhi_day) * C(year_element) + C(weekday) + C(month)
spx,ganzhi_day,丙戌,土,6,-0.0013686180263493886,0.0005030967046652797,-0.0018717147310146683,22,5,ret_1d ~ C(ganzhi_day) * C(year_element) + C(weekday) + C(month)
spx,ganzhi_day,丙戌,金,19,0.0015234476376398622,0.0005030967046652797,0.0010203509329745825,22,5,ret_1d ~ C(ganzhi_day) * C(year_element) + C(weekday) + C(month)
spx,ganzhi_day,丙戌,水,18,0.0014328734326827847,0.0005030967046652797,0.000929776728017505,22,5,ret_1d ~ C(ganzhi_day) * C(year_element) + C(weekday) + C(month)
spx,ganzhi_day,丙申,木,16,-0.0009839796877680817,0.0005030967046652797,-0.0014870763924333614,32,5,ret_1d ~ C(ganzhi_day) * C(year_element) + C(weekday) + C(month)
spx,ganzhi_day,丙申,火,8,0.0010781849850923714,0.0005030967046652797,0.0005750882804270918,32,5,ret_1d ~ C(ganzhi_day) * C(year_element) + C(weekday) + C(month)
spx,ganzhi_day,丙申,土,8,0.003710665284859559,0.0005030967046652797,0.003207568580194279,32,5,ret_1d ~ C(ganzhi_day) * C(year_element) + C(weekday) + C(month)
spx,ganzhi_day,丙申,金,17,0.0034341817377544766,0.0005030967046652797,0.002931085033089197,32,5,ret_1d ~ C(ganzhi_day) * C(year_element) + C(weekday) + C(month)
spx,ganzhi_day,丙申,水,18,0.0009689190342219742,0.0005030967046652797,0.0004658223295566945,32,5,ret_1d ~ C(ganzhi_day) * C(year_element) + C(weekday) + C(month)
spx,ganzhi_day,丙辰,木,18,0.0017328443881584215,0.0005030967046652797,0.0012297476834931419,52,5,ret_1d ~ C(ganzhi_day) * C(year_element) + C(weekday) + C(month)
spx,ganzhi_day,丙辰,火,9,-0.0016137620740828784,0.0005030967046652797,-0.002116858778748158,52,5,ret_1d ~ C(ganzhi_day) * C(year_element) + C(weekday) + C(month)
spx,ganzhi_day,丙辰,土,10,-0.0012049470441395716,0.0005030967046652797,-0.0017080437488048513,52,5,ret_1d ~ C(ganzhi_day) * C(year_element) + C(weekday) + C(month)
spx,ganzhi_day,丙辰,金,16,0.0026440571323087946,0.0005030967046652797,0.002140960427643515,52,5,ret_1d ~ C(ganzhi_day) * C(year_element) + C(weekday) + C(month)
spx,ganzhi_day,丙辰,水,16,0.0009195301123316127,0.0005030967046652797,0.000416433407666333,52,5,ret_1d ~ C(ganzhi_day) * C(year_element) + C(weekday) + C(month)
spx,ganzhi_day,乙丑,木,17,0.0024179440253179123,0.0005030967046652797,0.0019148473206526326,1,5,ret_1d ~ C(ganzhi_day) * C(year_element) + C(weekday) + C(month)
spx,ganzhi_day,乙丑,火,9,0.0008331929964859958,0.0005030967046652797,0.00033009629182071613,1,5,ret_1d ~ C(ganzhi_day) * C(year_element) + C(weekday) + C(month)
spx,ganzhi_day,乙丑,土,9,-0.00012426734621889005,0.0005030967046652797,-0.0006273640508841698,1,5,ret_1d ~ C(ganzhi_day) * C(year_element) + C(weekday) + C(month)
spx,ganzhi_day,乙丑,金,17,-0.000631207728874206,0.0005030967046652797,-0.0011343044335394856,1,5,ret_1d ~ C(ganzhi_day) * C(year_element) + C(weekday) + C(month)
spx,ganzhi_day,乙丑,水,16,-0.0013772110811572037,0.0005030967046652797,-0.0018803077858224834,1,5,ret_1d ~ C(ganzhi_day) * C(year_element) + C(weekday) + C(month)
spx,ganzhi_day,乙亥,木,14,0.0049031744210710545,0.0005030967046652797,0.004400077716405775,11,5,ret_1d ~ C(ganzhi_day) * C(year_element) + C(weekday) + C(month)
spx,ganzhi_day,乙亥,火,8,-0.002506077838660732,0.0005030967046652797,-0.0030091745433260117,11,5,ret_1d ~ C(ganzhi_day) * C(year_element) + C(weekday) + C(month)
spx,ganzhi_day,乙亥,土,10,0.0003013073191688351,0.0005030967046652797,-0.00020178938549644457,11,5,ret_1d ~ C(ganzhi_day) * C(year_element) + C(weekday) + C(month)
spx,ganzhi_day,乙亥,金,17,0.0009872082875470782,0.0005030967046652797,0.00048411158288179856,11,5,ret_1d ~ C(ganzhi_day) * C(year_element) + C(weekday) + C(month)
spx,ganzhi_day,乙亥,水,18,0.0027829975487980918,0.0005030967046652797,0.002279900844132812,11,5,ret_1d ~ C(ganzhi_day) * C(year_element) + C(weekday) + C(month)
spx,ganzhi_day,乙卯,木,19,-0.0009469015301490203,0.0005030967046652797,-0.0014499982348143,51,5,ret_1d ~ C(ganzhi_day) * C(year_element) + C(weekday) + C(month)
spx,ganzhi_day,乙卯,火,10,0.001084357776906921,0.0005030967046652797,0.0005812610722416413,51,5,ret_1d ~ C(ganzhi_day) * C(year_element) + C(weekday) + C(month)
spx,ganzhi_day,乙卯,土,9,0.001525865009024254,0.0005030967046652797,0.0010227683043589743,51,5,ret_1d ~ C(ganzhi_day) * C(year_element) + C(weekday) + C(month)
spx,ganzhi_day,乙卯,金,15,0.009843596965262498,0.0005030967046652797,0.009340500260597219,51,5,ret_1d ~ C(ganzhi_day) * C(year_element) + C(weekday) + C(month)
spx,ganzhi_day,乙卯,水,16,0.0034829229986676844,0.0005030967046652797,0.0029798262940024045,51,5,ret_1d ~ C(ganzhi_day) * C(year_element) + C(weekday) + C(month)
spx,ganzhi_day,乙巳,木,17,0.002243975964413942,0.0005030967046652797,0.0017408792597486623,41,5,ret_1d ~ C(ganzhi_day) * C(year_element) + C(weekday) + C(month)
spx,ganzhi_day,乙巳,火,9,0.0012209233204363574,0.0005030967046652797,0.0007178266157710778,41,5,ret_1d ~ C(ganzhi_day) * C(year_element) + C(weekday) + C(month)
spx,ganzhi_day,乙巳,土,9,0.0018369298156844607,0.0005030967046652797,0.001333833111019181,41,5,ret_1d ~ C(ganzhi_day) * C(year_element) + C(weekday) + C(month)
spx,ganzhi_day,乙巳,金,17,-0.0031064882459642855,0.0005030967046652797,-0.0036095849506295654,41,5,ret_1d ~ C(ganzhi_day) * C(year_element) + C(weekday) + C(month)
spx,ganzhi_day,乙巳,水,17,-0.0033681348693435915,0.0005030967046652797,-0.003871231574008871,41,5,ret_1d ~ C(ganzhi_day) * C(year_element) + C(weekday) + C(month)
spx,ganzhi_day,乙未,木,15,0.0032465905323433623,0.0005030967046652797,0.002743493827678083,31,5,ret_1d ~ C(ganzhi_day) * C(year_element) + C(weekday) + C(month)
spx,ganzhi_day,乙未,火,9,0.0018903963985726722,0.0005030967046652797,0.0013872996939073925,31,5,ret_1d ~ C(ganzhi_day) * C(year_element) + C(weekday) + C(month)
spx,ganzhi_day,乙未,土,9,0.00371995987743805,0.0005030967046652797,0.0032168631727727704,31,5,ret_1d ~ C(ganzhi_day) * C(year_element) + C(weekday) + C(month)
spx,ganzhi_day,乙未,金,17,-0.003945530634847195,0.0005030967046652797,-0.004448627339512475,31,5,ret_1d ~ C(ganzhi_day) * C(year_element) + C(weekday) + C(month)
spx,ganzhi_day,乙未,水,17,-0.0008512537385966026,0.0005030967046652797,-0.0013543504432618823,31,5,ret_1d ~ C(ganzhi_day) * C(year_element) + C(weekday) + C(month)
spx,ganzhi_day,乙酉,木,16,-0.0030183116085569185,0.0005030967046652797,-0.0035214083132221984,21,5,ret_1d ~ C(ganzhi_day) * C(year_element) + C(weekday) + C(month)
spx,ganzhi_day,乙酉,火,8,-0.0028215986856874493,0.0005030967046652797,-0.003324695390352729,21,5,ret_1d ~ C(ganzhi_day) * C(year_element) + C(weekday) + C(month)
spx,ganzhi_day,乙酉,土,9,0.001585487505342575,0.0005030967046652797,0.0010823908006772954,21,5,ret_1d ~ C(ganzhi_day) * C(year_element) + C(weekday) + C(month)
spx,ganzhi_day,乙酉,金,19,-0.00408199029545495,0.0005030967046652797,-0.00458508700012023,21,5,ret_1d ~ C(ganzhi_day) * C(year_element) + C(weekday) + C(month)
spx,ganzhi_day,乙酉,水,16,-0.0007658639818980607,0.0005030967046652797,-0.0012689606865633404,21,5,ret_1d ~ C(ganzhi_day) * C(year_element) + C(weekday) + C(month)
spx,ganzhi_day,壬午,木,16,0.001077606416807358,0.0005030967046652797,0.0005745097121420783,18,5,ret_1d ~ C(ganzhi_day) * C(year_element) + C(weekday) + C(month)
spx,ganzhi_day,壬午,火,7,0.006060359957139446,0.0005030967046652797,0.005557263252474166,18,5,ret_1d ~ C(ganzhi_day) * C(year_element) + C(weekday) + C(month)
spx,ganzhi_day,壬午,土,9,0.0012446595663545203,0.0005030967046652797,0.0007415628616892407,18,5,ret_1d ~ C(ganzhi_day) * C(year_element) + C(weekday) + C(month)
spx,ganzhi_day,壬午,金,16,-0.002675866527383668,0.0005030967046652797,-0.0031789632320489477,18,5,ret_1d ~ C(ganzhi_day) * C(year_element) + C(weekday) + C(month)
spx,ganzhi_day,壬午,水,18,-0.000466023157869701,0.0005030967046652797,-0.0009691198625349807,18,5,ret_1d ~ C(ganzhi_day) * C(year_element) + C(weekday) + C(month)
spx,ganzhi_day,壬子,木,18,-0.0013279783402980383,0.0005030967046652797,-0.001831075044963318,48,5,ret_1d ~ C(ganzhi_day) * C(year_element) + C(weekday) + C(month)
spx,ganzhi_day,壬子,火,8,0.0034219811513326493,0.0005030967046652797,0.00291888444666737,48,5,ret_1d ~ C(ganzhi_day) * C(year_element) + C(weekday) + C(month)
spx,ganzhi_day,壬子,土,9,0.0009493065462848133,0.0005030967046652797,0.00044620984161953365,48,5,ret_1d ~ C(ganzhi_day) * C(year_element) + C(weekday) + C(month)
spx,ganzhi_day,壬子,金,17,0.004018470937127255,0.0005030967046652797,0.003515374232461975,48,5,ret_1d ~ C(ganzhi_day) * C(year_element) + C(weekday) + C(month)
spx,ganzhi_day,壬子,水,17,-0.004616900227334444,0.0005030967046652797,-0.005119996931999724,48,5,ret_1d ~ C(ganzhi_day) * C(year_element) + C(weekday) + C(month)
spx,ganzhi_day,壬寅,木,17,-0.0020155542466063197,0.0005030967046652797,-0.0025186509512715996,38,5,ret_1d ~ C(ganzhi_day) * C(year_element) + C(weekday) + C(month)
spx,ganzhi_day,壬寅,火,9,0.00184895660176898,0.0005030967046652797,0.0013458598971037004,38,5,ret_1d ~ C(ganzhi_day) * C(year_element) + C(weekday) + C(month)
spx,ganzhi_day,壬寅,土,7,0.004154284249072096,0.0005030967046652797,0.003651187544406816,38,5,ret_1d ~ C(ganzhi_day) * C(year_element) + C(weekday) + C(month)
spx,ganzhi_day,壬寅,金,16,0.0008673601088056876,0.0005030967046652797,0.00036426340414040797,38,5,ret_1d ~ C(ganzhi_day) * C(year_element) + C(weekday) + C(month)
spx,ganzhi_day,壬寅,水,17,-0.0013127593959215069,0.0005030967046652797,-0.0018158561005867865,38,5,ret_1d ~ C(ganzhi_day) * C(year_element) + C(weekday) + C(month)
spx,ganzhi_day,壬戌,木,18,0.0035083950574875747,0.0005030967046652797,0.003005298352822295,58,5,ret_1d ~ C(ganzhi_day) * C(year_element) + C(weekday) + C(month)
spx,ganzhi_day,壬戌,火,10,-0.0019151377034220187,0.0005030967046652797,-0.0024182344080872983,58,5,ret_1d ~ C(ganzhi_day) * C(year_element) + C(weekday) + C(month)
spx,ganzhi_day,壬戌,土,8,0.005230714289331611,0.0005030967046652797,0.004727617584666331,58,5,ret_1d ~ C(ganzhi_day) * C(year_element) + C(weekday) + C(month)
spx,ganzhi_day,壬戌,金,15,-0.0003293636668123429,0.0005030967046652797,-0.0008324603714776226,58,5,ret_1d ~ C(ganzhi_day) * C(year_element) + C(weekday) + C(month)
spx,ganzhi_day,壬戌,水,17,-0.00248762381302462,0.0005030967046652797,-0.0029907205176898993,58,5,ret_1d ~ C(ganzhi_day) * C(year_element) + C(weekday) + C(month)
spx,ganzhi_day,壬申,木,17,-0.0013344677736266872,0.0005030967046652797,-0.0018375644782919669,8,5,ret_1d ~ C(ganzhi_day) * C(year_element) + C(weekday) + C(month)
spx,ganzhi_day,壬申,火,8,1.77153325868861e-05,0.0005030967046652797,-0.00048538137207839355,8,5,ret_1d ~ C(ganzhi_day) * C(year_element) + C(weekday) + C(month)
spx,ganzhi_day,壬申,土,10,0.0023437331332107287,0.0005030967046652797,0.001840636428545449,8,5,ret_1d ~ C(ganzhi_day) * C(year_element) + C(weekday) + C(month)
spx,ganzhi_day,壬申,金,16,0.0049535389189618,0.0005030967046652797,0.00445044221429652,8,5,ret_1d ~ C(ganzhi_day) * C(year_element) + C(weekday) + C(month)
spx,ganzhi_day,壬申,水,17,-0.00014443492889273994,0.0005030967046652797,-0.0006475316335580197,8,5,ret_1d ~ C(ganzhi_day) * C(year_element) + C(weekday) + C(month)
spx,ganzhi_day,壬辰,木,15,0.0022060476566972327,0.0005030967046652797,0.001702950952031953,28,5,ret_1d ~ C(ganzhi_day) * C(year_element) + C(weekday) + C(month)
spx,ganzhi_day,壬辰,火,7,0.004836647604828705,0.0005030967046652797,0.004333550900163425,28,5,ret_1d ~ C(ganzhi_day) * C(year_element) + C(weekday) + C(month)
spx,ganzhi_day,壬辰,土,9,-0.00040679029531962235,0.0005030967046652797,-0.000909886999984902,28,5,ret_1d ~ C(ganzhi_day) * C(year_element) + C(weekday) + C(month)
spx,ganzhi_day,壬辰,金,19,0.002675100522615927,0.0005030967046652797,0.002172003817950647,28,5,ret_1d ~ C(ganzhi_day) * C(year_element) + C(weekday) + C(month)
spx,ganzhi_day,壬辰,水,18,-0.0031664894462136196,0.0005030967046652797,-0.0036695861508788995,28,5,ret_1d ~ C(ganzhi_day) * C(year_element) + C(weekday) + C(month)
spx,ganzhi_day,己丑,木,16,-0.0033465595569636777,0.0005030967046652797,-0.003849656261628957,25,5,ret_1d ~ C(ganzhi_day) * C(year_element) + C(weekday) + C(month)
spx,ganzhi_day,己丑,火,7,-0.0001904186066611893,0.0005030967046652797,-0.000693515311326469,25,5,ret_1d ~ C(ganzhi_day) * C(year_element) + C(weekday) + C(month)
spx,ganzhi_day,己丑,土,9,-0.0034787490508394123,0.0005030967046652797,-0.003981845755504692,25,5,ret_1d ~ C(ganzhi_day) * C(year_element) + C(weekday) + C(month)
spx,ganzhi_day,己丑,金,18,0.0023562445187482036,0.0005030967046652797,0.001853147814082924,25,5,ret_1d ~ C(ganzhi_day) * C(year_element) + C(weekday) + C(month)
spx,ganzhi_day,己丑,水,17,0.0016626410180615669,0.0005030967046652797,0.0011595443133962872,25,5,ret_1d ~ C(ganzhi_day) * C(year_element) + C(weekday) + C(month)
spx,ganzhi_day,己亥,木,16,-0.00034181280460248337,0.0005030967046652797,-0.000844909509267763,35,5,ret_1d ~ C(ganzhi_day) * C(year_element) + C(weekday) + C(month)
spx,ganzhi_day,己亥,火,8,-0.0006670322525413014,0.0005030967046652797,-0.001170128957206581,35,5,ret_1d ~ C(ganzhi_day) * C(year_element) + C(weekday) + C(month)
spx,ganzhi_day,己亥,土,9,0.0026566232905389543,0.0005030967046652797,0.0021535265858736745,35,5,ret_1d ~ C(ganzhi_day) * C(year_element) + C(weekday) + C(month)
spx,ganzhi_day,己亥,金,18,0.0024382366221019462,0.0005030967046652797,0.0019351399174366666,35,5,ret_1d ~ C(ganzhi_day) * C(year_element) + C(weekday) + C(month)
spx,ganzhi_day,己亥,水,18,0.004113557767807545,0.0005030967046652797,0.0036104610631422654,35,5,ret_1d ~ C(ganzhi_day) * C(year_element) + C(weekday) + C(month)
spx,ganzhi_day,己卯,木,17,-0.0005466477790996402,0.0005030967046652797,-0.0010497444837649199,15,5,ret_1d ~ C(ganzhi_day) * C(year_element) + C(weekday) + C(month)
spx,ganzhi_day,己卯,火,8,0.0018605234282890169,0.0005030967046652797,0.0013574267236237372,15,5,ret_1d ~ C(ganzhi_day) * C(year_element) + C(weekday) + C(month)
spx,ganzhi_day,己卯,土,9,0.0007312304899126744,0.0005030967046652797,0.00022813378524739472,15,5,ret_1d ~ C(ganzhi_day) * C(year_element) + C(weekday) + C(month)
spx,ganzhi_day,己卯,金,16,0.004301157974193093,0.0005030967046652797,0.0037980612695278134,15,5,ret_1d ~ C(ganzhi_day) * C(year_element) + C(weekday) + C(month)
spx,ganzhi_day,己卯,水,18,0.0001957501421223105,0.0005030967046652797,-0.00030734656254296914,15,5,ret_1d ~ C(ganzhi_day) * C(year_element) + C(weekday) + C(month)
spx,ganzhi_day,己巳,木,16,0.0002656889797906536,0.0005030967046652797,-0.00023740772487462606,5,5,ret_1d ~ C(ganzhi_day) * C(year_element) + C(weekday) + C(month)
spx,ganzhi_day,己巳,火,9,0.0013770363879560565,0.0005030967046652797,0.0008739396832907768,5,5,ret_1d ~ C(ganzhi_day) * C(year_element) + C(weekday) + C(month)
spx,ganzhi_day,己巳,土,9,0.0013900854747098625,0.0005030967046652797,0.0008869887700445828,5,5,ret_1d ~ C(ganzhi_day) * C(year_element) + C(weekday) + C(month)
spx,ganzhi_day,己巳,金,16,-0.0011163791086901411,0.0005030967046652797,-0.0016194758133554208,5,5,ret_1d ~ C(ganzhi_day) * C(year_element) + C(weekday) + C(month)
spx,ganzhi_day,己巳,水,17,0.0008475940233429876,0.0005030967046652797,0.00034449731867770795,5,5,ret_1d ~ C(ganzhi_day) * C(year_element) + C(weekday) + C(month)
spx,ganzhi_day,己未,木,15,-0.001442529207550347,0.0005030967046652797,-0.0019456259122156267,55,5,ret_1d ~ C(ganzhi_day) * C(year_element) + C(weekday) + C(month)
spx,ganzhi_day,己未,火,9,0.001742148222555206,0.0005030967046652797,0.0012390515178899264,55,5,ret_1d ~ C(ganzhi_day) * C(year_element) + C(weekday) + C(month)
spx,ganzhi_day,己未,土,9,-0.00283898631012112,0.0005030967046652797,-0.0033420830147863996,55,5,ret_1d ~ C(ganzhi_day) * C(year_element) + C(weekday) + C(month)
spx,ganzhi_day,己未,金,16,0.0009379429211095651,0.0005030967046652797,0.00043484621644428547,55,5,ret_1d ~ C(ganzhi_day) * C(year_element) + C(weekday) + C(month)
spx,ganzhi_day,己未,水,17,7.08157655754056e-05,0.0005030967046652797,-0.00043228093908987406,55,5,ret_1d ~ C(ganzhi_day) * C(year_element) + C(weekday) + C(month)
spx,ganzhi_day,己酉,木,17,0.0022750303787687073,0.0005030967046652797,0.0017719336741034277,45,5,ret_1d ~ C(ganzhi_day) * C(year_element) + C(weekday) + C(month)
spx,ganzhi_day,己酉,火,10,0.0017060539902862633,0.0005030967046652797,0.0012029572856209836,45,5,ret_1d ~ C(ganzhi_day) * C(year_element) + C(weekday) + C(month)
spx,ganzhi_day,己酉,土,9,0.0009051186410491504,0.0005030967046652797,0.00040202193638387074,45,5,ret_1d ~ C(ganzhi_day) * C(year_element) + C(weekday) + C(month)
spx,ganzhi_day,己酉,金,16,0.00331862175520677,0.0005030967046652797,0.0028155250505414904,45,5,ret_1d ~ C(ganzhi_day) * C(year_element) + C(weekday) + C(month)
spx,ganzhi_day,己酉,水,15,-0.0010711272960449427,0.0005030967046652797,-0.0015742240007102224,45,5,ret_1d ~ C(ganzhi_day) * C(year_element) + C(weekday) + C(month)
spx,ganzhi_day,庚午,木,15,0.0010559938096620512,0.0005030967046652797,0.0005528971049967716,6,5,ret_1d ~ C(ganzhi_day) * C(year_element) + C(weekday) + C(month)
spx,ganzhi_day,庚午,火,9,-0.002373588806745671,0.0005030967046652797,-0.0028766855114109504,6,5,ret_1d ~ C(ganzhi_day) * C(year_element) + C(weekday) + C(month)
spx,ganzhi_day,庚午,土,11,-0.004271696221935034,0.0005030967046652797,-0.004774792926600314,6,5,ret_1d ~ C(ganzhi_day) * C(year_element) + C(weekday) + C(month)
spx,ganzhi_day,庚午,金,16,-0.0006896122305622421,0.0005030967046652797,-0.0011927089352275217,6,5,ret_1d ~ C(ganzhi_day) * C(year_element) + C(weekday) + C(month)
spx,ganzhi_day,庚午,水,16,0.004654509517048631,0.0005030967046652797,0.004151412812383351,6,5,ret_1d ~ C(ganzhi_day) * C(year_element) + C(weekday) + C(month)
spx,ganzhi_day,庚子,木,17,0.0011281459458669146,0.0005030967046652797,0.000625049241201635,36,5,ret_1d ~ C(ganzhi_day) * C(year_element) + C(weekday) + C(month)
spx,ganzhi_day,庚子,火,8,0.001962207399162325,0.0005030967046652797,0.0014591106944970452,36,5,ret_1d ~ C(ganzhi_day) * C(year_element) + C(weekday) + C(month)
spx,ganzhi_day,庚子,土,8,0.0005154673144089619,0.0005030967046652797,1.237060974368224e-05,36,5,ret_1d ~ C(ganzhi_day) * C(year_element) + C(weekday) + C(month)
spx,ganzhi_day,庚子,金,17,0.000719360844671289,0.0005030967046652797,0.00021626414000600936,36,5,ret_1d ~ C(ganzhi_day) * C(year_element) + C(weekday) + C(month)
spx,ganzhi_day,庚子,水,19,-0.0014476175685387408,0.0005030967046652797,-0.0019507142732040205,36,5,ret_1d ~ C(ganzhi_day) * C(year_element) + C(weekday) + C(month)
spx,ganzhi_day,庚寅,木,18,0.002987546034979095,0.0005030967046652797,0.002484449330313815,26,5,ret_1d ~ C(ganzhi_day) * C(year_element) + C(weekday) + C(month)
spx,ganzhi_day,庚寅,火,8,0.0009120044013727121,0.0005030967046652797,0.00040890769670743243,26,5,ret_1d ~ C(ganzhi_day) * C(year_element) + C(weekday) + C(month)
spx,ganzhi_day,庚寅,土,8,-0.0005633186532168972,0.0005030967046652797,-0.0010664153578821768,26,5,ret_1d ~ C(ganzhi_day) * C(year_element) + C(weekday) + C(month)
spx,ganzhi_day,庚寅,金,17,0.002868054001989615,0.0005030967046652797,0.0023649572973243353,26,5,ret_1d ~ C(ganzhi_day) * C(year_element) + C(weekday) + C(month)
spx,ganzhi_day,庚寅,水,17,0.0033724203756398223,0.0005030967046652797,0.0028693236709745424,26,5,ret_1d ~ C(ganzhi_day) * C(year_element) + C(weekday) + C(month)
spx,ganzhi_day,庚戌,木,17,0.003878897142140092,0.0005030967046652797,0.0033758004374748124,46,5,ret_1d ~ C(ganzhi_day) * C(year_element) + C(weekday) + C(month)
spx,ganzhi_day,庚戌,火,8,-0.0005941838141991859,0.0005030967046652797,-0.0010972805188644657,46,5,ret_1d ~ C(ganzhi_day) * C(year_element) + C(weekday) + C(month)
spx,ganzhi_day,庚戌,土,9,-0.0036673372032512046,0.0005030967046652797,-0.0041704339079164845,46,5,ret_1d ~ C(ganzhi_day) * C(year_element) + C(weekday) + C(month)
spx,ganzhi_day,庚戌,金,18,0.000812156083213603,0.0005030967046652797,0.0003090593785483233,46,5,ret_1d ~ C(ganzhi_day) * C(year_element) + C(weekday) + C(month)
spx,ganzhi_day,庚戌,水,17,0.00145054839391358,0.0005030967046652797,0.0009474516892483003,46,5,ret_1d ~ C(ganzhi_day) * C(year_element) + C(weekday) + C(month)
spx,ganzhi_day,庚申,木,17,-0.002402687600486386,0.0005030967046652797,-0.002905784305151666,56,5,ret_1d ~ C(ganzhi_day) * C(year_element) + C(weekday) + C(month)
spx,ganzhi_day,庚申,火,9,-0.0005386371147616356,0.0005030967046652797,-0.0010417338194269152,56,5,ret_1d ~ C(ganzhi_day) * C(year_element) + C(weekday) + C(month)
spx,ganzhi_day,庚申,土,8,-0.0004651790977872242,0.0005030967046652797,-0.0009682758024525039,56,5,ret_1d ~ C(ganzhi_day) * C(year_element) + C(weekday) + C(month)
spx,ganzhi_day,庚申,金,17,-0.003777748091260853,0.0005030967046652797,-0.004280844795926133,56,5,ret_1d ~ C(ganzhi_day) * C(year_element) + C(weekday) + C(month)
spx,ganzhi_day,庚申,水,15,-6.72190633622685e-05,0.0005030967046652797,-0.0005703157680275482,56,5,ret_1d ~ C(ganzhi_day) * C(year_element) + C(weekday) + C(month)
spx,ganzhi_day,庚辰,木,17,-0.00044915367477251856,0.0005030967046652797,-0.0009522503794377982,16,5,ret_1d ~ C(ganzhi_day) * C(year_element) + C(weekday) + C(month)
spx,ganzhi_day,庚辰,火,9,-0.0037396793539638136,0.0005030967046652797,-0.004242776058629093,16,5,ret_1d ~ C(ganzhi_day) * C(year_element) + C(weekday) + C(month)
spx,ganzhi_day,庚辰,土,8,-0.0005866246433320224,0.0005030967046652797,-0.001089721347997302,16,5,ret_1d ~ C(ganzhi_day) * C(year_element) + C(weekday) + C(month)
spx,ganzhi_day,庚辰,金,17,-0.0031584024755496732,0.0005030967046652797,-0.0036614991802149527,16,5,ret_1d ~ C(ganzhi_day) * C(year_element) + C(weekday) + C(month)
spx,ganzhi_day,庚辰,水,17,0.002361010389696989,0.0005030967046652797,0.0018579136850317092,16,5,ret_1d ~ C(ganzhi_day) * C(year_element) + C(weekday) + C(month)
spx,ganzhi_day,戊午,木,17,0.00011884791002474003,0.0005030967046652797,-0.00038424879464053963,54,5,ret_1d ~ C(ganzhi_day) * C(year_element) + C(weekday) + C(month)
spx,ganzhi_day,戊午,火,10,0.00203971540483458,0.0005030967046652797,0.0015366187001693004,54,5,ret_1d ~ C(ganzhi_day) * C(year_element) + C(weekday) + C(month)
spx,ganzhi_day,戊午,土,7,-0.0006199204565412187,0.0005030967046652797,-0.0011230171612064983,54,5,ret_1d ~ C(ganzhi_day) * C(year_element) + C(weekday) + C(month)
spx,ganzhi_day,戊午,金,17,-0.00200598854414639,0.0005030967046652797,-0.0025090852488116695,54,5,ret_1d ~ C(ganzhi_day) * C(year_element) + C(weekday) + C(month)
spx,ganzhi_day,戊午,水,17,-0.0011957074686325558,0.0005030967046652797,-0.0016988041732978354,54,5,ret_1d ~ C(ganzhi_day) * C(year_element) + C(weekday) + C(month)
spx,ganzhi_day,戊子,木,17,-0.002545498711322085,0.0005030967046652797,-0.0030485954159873646,24,5,ret_1d ~ C(ganzhi_day) * C(year_element) + C(weekday) + C(month)
spx,ganzhi_day,戊子,火,9,-0.0009917811878441894,0.0005030967046652797,-0.001494877892509469,24,5,ret_1d ~ C(ganzhi_day) * C(year_element) + C(weekday) + C(month)
spx,ganzhi_day,戊子,土,9,0.0016336783258163398,0.0005030967046652797,0.0011305816211510601,24,5,ret_1d ~ C(ganzhi_day) * C(year_element) + C(weekday) + C(month)
spx,ganzhi_day,戊子,金,17,-0.0011258032879199816,0.0005030967046652797,-0.0016288999925852612,24,5,ret_1d ~ C(ganzhi_day) * C(year_element) + C(weekday) + C(month)
spx,ganzhi_day,戊子,水,18,0.0015921217363134782,0.0005030967046652797,0.0010890250316481986,24,5,ret_1d ~ C(ganzhi_day) * C(year_element) + C(weekday) + C(month)
spx,ganzhi_day,戊寅,木,15,-0.0005869733487498188,0.0005030967046652797,-0.0010900700534150986,14,5,ret_1d ~ C(ganzhi_day) * C(year_element) + C(weekday) + C(month)
spx,ganzhi_day,戊寅,火,7,-0.0027027665436859306,0.0005030967046652797,-0.00320586324835121,14,5,ret_1d ~ C(ganzhi_day) * C(year_element) + C(weekday) + C(month)
spx,ganzhi_day,戊寅,土,10,4.5949939946620407e-07,0.0005030967046652797,-0.0005026372052658135,14,5,ret_1d ~ C(ganzhi_day) * C(year_element) + C(weekday) + C(month)
spx,ganzhi_day,戊寅,金,19,0.00021713330003544565,0.0005030967046652797,-0.000285963404629834,14,5,ret_1d ~ C(ganzhi_day) * C(year_element) + C(weekday) + C(month)
spx,ganzhi_day,戊寅,水,16,0.003959289329655013,0.0005030967046652797,0.003456192624989733,14,5,ret_1d ~ C(ganzhi_day) * C(year_element) + C(weekday) + C(month)
spx,ganzhi_day,戊戌,木,17,0.0011959950715136843,0.0005030967046652797,0.0006928983668484047,34,5,ret_1d ~ C(ganzhi_day) * C(year_element) + C(weekday) + C(month)
spx,ganzhi_day,戊戌,火,9,0.0004680318550188177,0.0005030967046652797,-3.506484964646198e-05,34,5,ret_1d ~ C(ganzhi_day) * C(year_element) + C(weekday) + C(month)
spx,ganzhi_day,戊戌,土,7,0.0018323758605815832,0.0005030967046652797,0.0013292791559163036,34,5,ret_1d ~ C(ganzhi_day) * C(year_element) + C(weekday) + C(month)
spx,ganzhi_day,戊戌,金,17,0.0010710730937177318,0.0005030967046652797,0.0005679763890524521,34,5,ret_1d ~ C(ganzhi_day) * C(year_element) + C(weekday) + C(month)
spx,ganzhi_day,戊戌,水,16,0.0003712061433214499,0.0005030967046652797,-0.00013189056134382978,34,5,ret_1d ~ C(ganzhi_day) * C(year_element) + C(weekday) + C(month)
spx,ganzhi_day,戊申,木,20,0.0048438657353592355,0.0005030967046652797,0.004340769030693956,44,5,ret_1d ~ C(ganzhi_day) * C(year_element) + C(weekday) + C(month)
spx,ganzhi_day,戊申,火,9,-0.0008237202839271299,0.0005030967046652797,-0.0013268169885924095,44,5,ret_1d ~ C(ganzhi_day) * C(year_element) + C(weekday) + C(month)
spx,ganzhi_day,戊申,土,8,0.0006305483586196419,0.0005030967046652797,0.00012745165395436223,44,5,ret_1d ~ C(ganzhi_day) * C(year_element) + C(weekday) + C(month)
spx,ganzhi_day,戊申,金,15,-0.0006041531125800666,0.0005030967046652797,-0.0011072498172453463,44,5,ret_1d ~ C(ganzhi_day) * C(year_element) + C(weekday) + C(month)
spx,ganzhi_day,戊申,水,16,0.003255045242680931,0.0005030967046652797,0.0027519485380156517,44,5,ret_1d ~ C(ganzhi_day) * C(year_element) + C(weekday) + C(month)
spx,ganzhi_day,戊辰,木,16,-0.0022212224326498254,0.0005030967046652797,-0.002724319137315105,4,5,ret_1d ~ C(ganzhi_day) * C(year_element) + C(weekday) + C(month)
spx,ganzhi_day,戊辰,火,8,0.0015591990781029215,0.0005030967046652797,0.0010561023734376419,4,5,ret_1d ~ C(ganzhi_day) * C(year_element) + C(weekday) + C(month)
spx,ganzhi_day,戊辰,土,9,-0.00616846878119773,0.0005030967046652797,-0.0066715654858630095,4,5,ret_1d ~ C(ganzhi_day) * C(year_element) + C(weekday) + C(month)
spx,ganzhi_day,戊辰,金,16,0.0001886882990056246,0.0005030967046652797,-0.000314408405659655,4,5,ret_1d ~ C(ganzhi_day) * C(year_element) + C(weekday) + C(month)
spx,ganzhi_day,戊辰,水,18,0.005490781025293631,0.0005030967046652797,0.004987684320628351,4,5,ret_1d ~ C(ganzhi_day) * C(year_element) + C(weekday) + C(month)
spx,ganzhi_day,甲午,木,18,-0.00125461149397311,0.0005030967046652797,-0.0017577081986383896,30,5,ret_1d ~ C(ganzhi_day) * C(year_element) + C(weekday) + C(month)
spx,ganzhi_day,甲午,火,8,-0.002092174561638055,0.0005030967046652797,-0.002595271266303335,30,5,ret_1d ~ C(ganzhi_day) * C(year_element) + C(weekday) + C(month)
spx,ganzhi_day,甲午,土,8,-0.002495321925440593,0.0005030967046652797,-0.002998418630105873,30,5,ret_1d ~ C(ganzhi_day) * C(year_element) + C(weekday) + C(month)
spx,ganzhi_day,甲午,金,16,0.0008788255082583851,0.0005030967046652797,0.00037572880359310545,30,5,ret_1d ~ C(ganzhi_day) * C(year_element) + C(weekday) + C(month)
spx,ganzhi_day,甲午,水,17,-0.006708251202956332,0.0005030967046652797,-0.0072113479076216114,30,5,ret_1d ~ C(ganzhi_day) * C(year_element) + C(weekday) + C(month)
spx,ganzhi_day,甲子,木,16,0.0016868182799462904,0.0005030967046652797,0.0011837215752810108,0,5,ret_1d ~ C(ganzhi_day) * C(year_element) + C(weekday) + C(month)
spx,ganzhi_day,甲子,火,9,0.0022125073494565343,0.0005030967046652797,0.0017094106447912546,0,5,ret_1d ~ C(ganzhi_day) * C(year_element) + C(weekday) + C(month)
spx,ganzhi_day,甲子,土,9,0.002411884903403038,0.0005030967046652797,0.0019087881987377585,0,5,ret_1d ~ C(ganzhi_day) * C(year_element) + C(weekday) + C(month)
spx,ganzhi_day,甲子,金,18,-0.0010710041497364532,0.0005030967046652797,-0.001574100854401733,0,5,ret_1d ~ C(ganzhi_day) * C(year_element) + C(weekday) + C(month)
spx,ganzhi_day,甲子,水,15,0.0031598783229251945,0.0005030967046652797,0.002656781618259915,0,5,ret_1d ~ C(ganzhi_day) * C(year_element) + C(weekday) + C(month)
spx,ganzhi_day,甲寅,木,17,-0.00031162984565959596,0.0005030967046652797,-0.0008147265503248756,50,5,ret_1d ~ C(ganzhi_day) * C(year_element) + C(weekday) + C(month)
spx,ganzhi_day,甲寅,火,8,0.0008234889202219691,0.0005030967046652797,0.00032039221555668943,50,5,ret_1d ~ C(ganzhi_day) * C(year_element) + C(weekday) + C(month)
spx,ganzhi_day,甲寅,土,8,-0.0021535949453709478,0.0005030967046652797,-0.002656691650036227,50,5,ret_1d ~ C(ganzhi_day) * C(year_element) + C(weekday) + C(month)
spx,ganzhi_day,甲寅,金,16,-0.0025998309479670356,0.0005030967046652797,-0.0031029276526323155,50,5,ret_1d ~ C(ganzhi_day) * C(year_element) + C(weekday) + C(month)
spx,ganzhi_day,甲寅,水,18,-0.0008031888741313297,0.0005030967046652797,-0.0013062855787966095,50,5,ret_1d ~ C(ganzhi_day) * C(year_element) + C(weekday) + C(month)
spx,ganzhi_day,甲戌,木,16,0.00307209520761372,0.0005030967046652797,0.00256899850294844,10,5,ret_1d ~ C(ganzhi_day) * C(year_element) + C(weekday) + C(month)
spx,ganzhi_day,甲戌,火,9,0.0025631567894719987,0.0005030967046652797,0.0020600600848067188,10,5,ret_1d ~ C(ganzhi_day) * C(year_element) + C(weekday) + C(month)
spx,ganzhi_day,甲戌,土,9,-0.0022183097019616983,0.0005030967046652797,-0.0027214064066269777,10,5,ret_1d ~ C(ganzhi_day) * C(year_element) + C(weekday) + C(month)
spx,ganzhi_day,甲戌,金,18,-0.0026531716990083926,0.0005030967046652797,-0.003156268403673672,10,5,ret_1d ~ C(ganzhi_day) * C(year_element) + C(weekday) + C(month)
spx,ganzhi_day,甲戌,水,16,-0.00017454387612240088,0.0005030967046652797,-0.0006776405807876805,10,5,ret_1d ~ C(ganzhi_day) * C(year_element) + C(weekday) + C(month)
spx,ganzhi_day,甲申,木,17,0.004018280070874353,0.0005030967046652797,0.0035151833662090733,20,5,ret_1d ~ C(ganzhi_day) * C(year_element) + C(weekday) + C(month)
spx,ganzhi_day,甲申,火,9,0.0007934217108841526,0.0005030967046652797,0.000290325006218873,20,5,ret_1d ~ C(ganzhi_day) * C(year_element) + C(weekday) + C(month)
spx,ganzhi_day,甲申,土,10,-0.0019174397181321863,0.0005030967046652797,-0.002420536422797466,20,5,ret_1d ~ C(ganzhi_day) * C(year_element) + C(weekday) + C(month)
spx,ganzhi_day,甲申,金,18,0.004388555671648492,0.0005030967046652797,0.003885458966983212,20,5,ret_1d ~ C(ganzhi_day) * C(year_element) + C(weekday) + C(month)
spx,ganzhi_day,甲申,水,16,0.004380139178194841,0.0005030967046652797,0.003877042473529561,20,5,ret_1d ~ C(ganzhi_day) * C(year_element) + C(weekday) + C(month)
spx,ganzhi_day,甲辰,木,18,-0.0011702783432342618,0.0005030967046652797,-0.0016733750478995415,40,5,ret_1d ~ C(ganzhi_day) * C(year_element) + C(weekday) + C(month)
spx,ganzhi_day,甲辰,火,9,-0.002650228154633847,0.0005030967046652797,-0.0031533248592991265,40,5,ret_1d ~ C(ganzhi_day) * C(year_element) + C(weekday) + C(month)
spx,ganzhi_day,甲辰,土,8,-0.0007317762217399927,0.0005030967046652797,-0.0012348729264052725,40,5,ret_1d ~ C(ganzhi_day) * C(year_element) + C(weekday) + C(month)
spx,ganzhi_day,甲辰,金,17,-0.0007217445362811979,0.0005030967046652797,-0.0012248412409464776,40,5,ret_1d ~ C(ganzhi_day) * C(year_element) + C(weekday) + C(month)
spx,ganzhi_day,甲辰,水,17,0.00049865838104259,0.0005030967046652797,-4.438323622689682e-06,40,5,ret_1d ~ C(ganzhi_day) * C(year_element) + C(weekday) + C(month)
spx,ganzhi_day,癸丑,木,17,-0.0011781748227177211,0.0005030967046652797,-0.0016812715273830008,49,5,ret_1d ~ C(ganzhi_day) * C(year_element) + C(weekday) + C(month)
spx,ganzhi_day,癸丑,火,8,0.0016490452150229944,0.0005030967046652797,0.0011459485103577148,49,5,ret_1d ~ C(ganzhi_day) * C(year_element) + C(weekday) + C(month)
spx,ganzhi_day,癸丑,土,9,0.0002712311383176648,0.0005030967046652797,-0.00023186556634761485,49,5,ret_1d ~ C(ganzhi_day) * C(year_element) + C(weekday) + C(month)
spx,ganzhi_day,癸丑,金,17,-0.0013060154104842343,0.0005030967046652797,-0.001809112115149514,49,5,ret_1d ~ C(ganzhi_day) * C(year_element) + C(weekday) + C(month)
spx,ganzhi_day,癸丑,水,16,-0.005402730253626012,0.0005030967046652797,-0.005905826958291292,49,5,ret_1d ~ C(ganzhi_day) * C(year_element) + C(weekday) + C(month)
spx,ganzhi_day,癸亥,木,15,0.0043086533762852035,0.0005030967046652797,0.0038055566716199236,59,5,ret_1d ~ C(ganzhi_day) * C(year_element) + C(weekday) + C(month)
spx,ganzhi_day,癸亥,火,10,-0.0007513676126925668,0.0005030967046652797,-0.0012544643173578464,59,5,ret_1d ~ C(ganzhi_day) * C(year_element) + C(weekday) + C(month)
spx,ganzhi_day,癸亥,土,10,-0.0009106820183810402,0.0005030967046652797,-0.00141377872304632,59,5,ret_1d ~ C(ganzhi_day) * C(year_element) + C(weekday) + C(month)
spx,ganzhi_day,癸亥,金,16,0.0011209275865031868,0.0005030967046652797,0.0006178308818379072,59,5,ret_1d ~ C(ganzhi_day) * C(year_element) + C(weekday) + C(month)
spx,ganzhi_day,癸亥,水,14,0.00225834828582712,0.0005030967046652797,0.0017552515811618404,59,5,ret_1d ~ C(ganzhi_day) * C(year_element) + C(weekday) + C(month)
spx,ganzhi_day,癸卯,木,18,-0.004070741368489578,0.0005030967046652797,-0.004573838073154858,39,5,ret_1d ~ C(ganzhi_day) * C(year_element) + C(weekday) + C(month)
spx,ganzhi_day,癸卯,火,7,0.0022864617292148635,0.0005030967046652797,0.0017833650245495838,39,5,ret_1d ~ C(ganzhi_day) * C(year_element) + C(weekday) + C(month)
spx,ganzhi_day,癸卯,土,8,0.0007879042981823556,0.0005030967046652797,0.00028480759351707597,39,5,ret_1d ~ C(ganzhi_day) * C(year_element) + C(weekday) + C(month)
spx,ganzhi_day,癸卯,金,18,0.0011253239745884613,0.0005030967046652797,0.0006222272699231816,39,5,ret_1d ~ C(ganzhi_day) * C(year_element) + C(weekday) + C(month)
spx,ganzhi_day,癸卯,水,17,0.0008861928569232881,0.0005030967046652797,0.0003830961522580085,39,5,ret_1d ~ C(ganzhi_day) * C(year_element) + C(weekday) + C(month)
spx,ganzhi_day,癸巳,木,16,0.0007384434747122375,0.0005030967046652797,0.00023534677004695783,29,5,ret_1d ~ C(ganzhi_day) * C(year_element) + C(weekday) + C(month)
spx,ganzhi_day,癸巳,火,7,0.002018506747098697,0.0005030967046652797,0.0015154100424334173,29,5,ret_1d ~ C(ganzhi_day) * C(year_element) + C(weekday) + C(month)
spx,ganzhi_day,癸巳,土,8,0.002531331956712997,0.0005030967046652797,0.0020282352520477175,29,5,ret_1d ~ C(ganzhi_day) * C(year_element) + C(weekday) + C(month)
spx,ganzhi_day,癸巳,金,18,-0.0012751261417867485,0.0005030967046652797,-0.0017782228464520281,29,5,ret_1d ~ C(ganzhi_day) * C(year_element) + C(weekday) + C(month)
spx,ganzhi_day,癸巳,水,18,-0.0036673854844116245,0.0005030967046652797,-0.004170482189076904,29,5,ret_1d ~ C(ganzhi_day) * C(year_element) + C(weekday) + C(month)
spx,ganzhi_day,癸未,木,18,0.0011244580328284282,0.0005030967046652797,0.0006213613281631485,19,5,ret_1d ~ C(ganzhi_day) * C(year_element) + C(weekday) + C(month)
spx,ganzhi_day,癸未,火,9,0.0015386641072034427,0.0005030967046652797,0.001035567402538163,19,5,ret_1d ~ C(ganzhi_day) * C(year_element) + C(weekday) + C(month)
spx,ganzhi_day,癸未,土,9,-0.004339662569348657,0.0005030967046652797,-0.004842759274013937,19,5,ret_1d ~ C(ganzhi_day) * C(year_element) + C(weekday) + C(month)
spx,ganzhi_day,癸未,金,15,0.0024127202360635022,0.0005030967046652797,0.0019096235313982226,19,5,ret_1d ~ C(ganzhi_day) * C(year_element) + C(weekday) + C(month)
spx,ganzhi_day,癸未,水,16,0.001870493376667046,0.0005030967046652797,0.0013673966720017664,19,5,ret_1d ~ C(ganzhi_day) * C(year_element) + C(weekday) + C(month)
spx,ganzhi_day,癸酉,木,17,0.0006195486669725047,0.0005030967046652797,0.00011645196230722506,9,5,ret_1d ~ C(ganzhi_day) * C(year_element) + C(weekday) + C(month)
spx,ganzhi_day,癸酉,火,9,0.0020103481564158463,0.0005030967046652797,0.0015072514517505667,9,5,ret_1d ~ C(ganzhi_day) * C(year_element) + C(weekday) + C(month)
spx,ganzhi_day,癸酉,土,9,-0.004269446348229014,0.0005030967046652797,-0.004772543052894294,9,5,ret_1d ~ C(ganzhi_day) * C(year_element) + C(weekday) + C(month)
spx,ganzhi_day,癸酉,金,16,0.004157235566323112,0.0005030967046652797,0.0036541388616578322,9,5,ret_1d ~ C(ganzhi_day) * C(year_element) + C(weekday) + C(month)
spx,ganzhi_day,癸酉,水,17,0.0032594947426496605,0.0005030967046652797,0.0027563980379843806,9,5,ret_1d ~ C(ganzhi_day) * C(year_element) + C(weekday) + C(month)
spx,ganzhi_day,辛丑,木,18,-0.0014507338455353486,0.0005030967046652797,-0.0019538305502006283,37,5,ret_1d ~ C(ganzhi_day) * C(year_element) + C(weekday) + C(month)
spx,ganzhi_day,辛丑,火,9,0.002912901010047005,0.0005030967046652797,0.0024098043053817257,37,5,ret_1d ~ C(ganzhi_day) * C(year_element) + C(weekday) + C(month)
spx,ganzhi_day,辛丑,土,8,0.005612512643665811,0.0005030967046652797,0.005109415939000531,37,5,ret_1d ~ C(ganzhi_day) * C(year_element) + C(weekday) + C(month)
spx,ganzhi_day,辛丑,金,16,-0.0026222020054162284,0.0005030967046652797,-0.003125298710081508,37,5,ret_1d ~ C(ganzhi_day) * C(year_element) + C(weekday) + C(month)
spx,ganzhi_day,辛丑,水,18,-0.0017938869802932857,0.0005030967046652797,-0.0022969836849585654,37,5,ret_1d ~ C(ganzhi_day) * C(year_element) + C(weekday) + C(month)
spx,ganzhi_day,辛亥,木,17,-0.0005709586898434173,0.0005030967046652797,-0.001074055394508697,47,5,ret_1d ~ C(ganzhi_day) * C(year_element) + C(weekday) + C(month)
spx,ganzhi_day,辛亥,火,10,0.00352681177361242,0.0005030967046652797,0.0030237150689471403,47,5,ret_1d ~ C(ganzhi_day) * C(year_element) + C(weekday) + C(month)
spx,ganzhi_day,辛亥,土,8,0.0047986339408222604,0.0005030967046652797,0.004295537236156981,47,5,ret_1d ~ C(ganzhi_day) * C(year_element) + C(weekday) + C(month)
spx,ganzhi_day,辛亥,金,17,-0.000969530996537966,0.0005030967046652797,-0.0014726277012032456,47,5,ret_1d ~ C(ganzhi_day) * C(year_element) + C(weekday) + C(month)
spx,ganzhi_day,辛亥,水,17,-0.0012021825285616677,0.0005030967046652797,-0.0017052792332269474,47,5,ret_1d ~ C(ganzhi_day) * C(year_element) + C(weekday) + C(month)
spx,ganzhi_day,辛卯,木,16,0.001386434264744375,0.0005030967046652797,0.0008833375600790954,27,5,ret_1d ~ C(ganzhi_day) * C(year_element) + C(weekday) + C(month)
spx,ganzhi_day,辛卯,火,9,0.003792039162428328,0.0005030967046652797,0.0032889424577630484,27,5,ret_1d ~ C(ganzhi_day) * C(year_element) + C(weekday) + C(month)
spx,ganzhi_day,辛卯,土,8,-0.0009111021585478077,0.0005030967046652797,-0.0014141988632130874,27,5,ret_1d ~ C(ganzhi_day) * C(year_element) + C(weekday) + C(month)
spx,ganzhi_day,辛卯,金,18,-0.002809567225073981,0.0005030967046652797,-0.003312663929739261,27,5,ret_1d ~ C(ganzhi_day) * C(year_element) + C(weekday) + C(month)
spx,ganzhi_day,辛卯,水,16,0.0024354973934363785,0.0005030967046652797,0.0019324006887710989,27,5,ret_1d ~ C(ganzhi_day) * C(year_element) + C(weekday) + C(month)
spx,ganzhi_day,辛巳,木,17,7.950197182267075e-05,0.0005030967046652797,-0.0004235947328426089,17,5,ret_1d ~ C(ganzhi_day) * C(year_element) + C(weekday) + C(month)
spx,ganzhi_day,辛巳,火,9,0.0023755349257532274,0.0005030967046652797,0.0018724382210879478,17,5,ret_1d ~ C(ganzhi_day) * C(year_element) + C(weekday) + C(month)
spx,ganzhi_day,辛巳,土,9,0.002127565085789236,0.0005030967046652797,0.0016244683811239564,17,5,ret_1d ~ C(ganzhi_day) * C(year_element) + C(weekday) + C(month)
spx,ganzhi_day,辛巳,金,17,0.007418976090972666,0.0005030967046652797,0.006915879386307386,17,5,ret_1d ~ C(ganzhi_day) * C(year_element) + C(weekday) + C(month)
spx,ganzhi_day,辛巳,水,16,0.003652030980528937,0.0005030967046652797,0.0031489342758636574,17,5,ret_1d ~ C(ganzhi_day) * C(year_element) + C(weekday) + C(month)
spx,ganzhi_day,辛未,木,16,0.0006219617365607481,0.0005030967046652797,0.00011886503189546848,7,5,ret_1d ~ C(ganzhi_day) * C(year_element) + C(weekday) + C(month)
spx,ganzhi_day,辛未,火,7,0.002512600377968144,0.0005030967046652797,0.002009503673302864,7,5,ret_1d ~ C(ganzhi_day) * C(year_element) + C(weekday) + C(month)
spx,ganzhi_day,辛未,土,10,-0.00695479226006808,0.0005030967046652797,-0.00745788896473336,7,5,ret_1d ~ C(ganzhi_day) * C(year_element) + C(weekday) + C(month)
spx,ganzhi_day,辛未,金,18,0.0031140937830935926,0.0005030967046652797,0.0026109970784283128,7,5,ret_1d ~ C(ganzhi_day) * C(year_element) + C(weekday) + C(month)
spx,ganzhi_day,辛未,水,15,-0.00022840486923133234,0.0005030967046652797,-0.0007315015738966119,7,5,ret_1d ~ C(ganzhi_day) * C(year_element) + C(weekday) + C(month)
spx,ganzhi_day,辛酉,木,17,0.0008696905997133914,0.0005030967046652797,0.0003665938950481117,57,5,ret_1d ~ C(ganzhi_day) * C(year_element) + C(weekday) + C(month)
spx,ganzhi_day,辛酉,火,9,0.0017836528645323933,0.0005030967046652797,0.0012805561598671137,57,5,ret_1d ~ C(ganzhi_day) * C(year_element) + C(weekday) + C(month)
spx,ganzhi_day,辛酉,土,8,-0.0006853776363931809,0.0005030967046652797,-0.0011884743410584607,57,5,ret_1d ~ C(ganzhi_day) * C(year_element) + C(weekday) + C(month)
spx,ganzhi_day,辛酉,金,17,0.004024709141193276,0.0005030967046652797,0.0035216124365279964,57,5,ret_1d ~ C(ganzhi_day) * C(year_element) + C(weekday) + C(month)
spx,ganzhi_day,辛酉,水,17,0.004300518880382187,0.0005030967046652797,0.003797422175716907,57,5,ret_1d ~ C(ganzhi_day) * C(year_element) + C(weekday) + C(month)
